,tree_id,pos_x,pos_y,pos_z,vel_x,vel_y,vel_z,mass,init_time,init_snap,inf_time,inf_snap,rs,rhos
0,9,17.797852,-851.5039,291.9209,75.67024,287.19296,-170.975,11.07588397178954,4.642161998661766,42,7.435457580781714,60,8.001982351484282,14348831.49683327
1,15,-296.2373,-76.524414,216.52246,245.35365,75.576225,-366.3535,6.162129850700115,5.709588606856291,49,6.056697650557152,51,4.486089431017181,27967830.785736453
2,17,-713.917,139.00977,-7.6777344,267.60425,-32.199238,-120.38505,7.736491424902935,6.33884021811047,53,7.623867997384209,61,4.958355656727665,24193284.231775474
3,19,87.26758,-378.60352,121.0791,-59.66572,236.87425,-283.77713,4.232274349157459,3.731898415274796,36,4.965495393526235,44,7.287850899328529,10130116.424844243
4,21,225.41504,360.22852,-66.67676,-141.14249,-69.03893,-283.37314,3.9865191369272104,5.415456570160442,47,6.504937136245459,54,4.569020472752127,22546778.597260807
5,26,82.65625,-355.18457,-123.93457,-138.32983,292.1018,289.67557,7.7179684060352685,5.709588606856291,49,6.176295889028056,52,8.338061330186195,7685528.596491844
6,31,-290.6543,-108.36133,251.61719,280.734,83.77815,-394.27048,2.6198972598408963,6.674596095958185,55,6.980079740079797,57,4.518117330530218,16724686.816291243
7,33,-361.07275,-234.11816,71.25098,329.26437,194.58594,-101.0614,2.2710263641105137,4.801402075884571,43,5.415456570160442,47,5.147735699187663,11562066.080650719
8,40,-19.721191,-459.59375,308.03223,-199.59111,266.0359,-164.70784,12.913554123731219,5.709588606856291,49,7.623867997384209,61,10.352753289178311,7653323.80735037
9,44,-665.8667,-87.0459,88.90625,209.44563,184.48827,-84.39556,5.081540052257951,5.560850769114366,48,7.435457580781714,60,6.35056463370003,8872479.784640506
10,45,-229.85889,-266.6953,-180.75,175.55934,276.36642,292.1069,1.8159703304537427,6.056697650557152,51,6.504937136245459,54,4.088182548984599,13459350.349731999
11,49,-126.484375,269.36523,-158.4414,235.4838,2.647791,-24.894394,2.3630498115172385,2.374352821664743,27,2.9697302481753507,31,6.615380591177684,8799769.533429734
12,55,-104.5,-615.15234,167.97852,103.193985,363.6516,52.375526,128.7613725957879,5.861713277008011,50,7.623867997384209,61,37.76133287017461,2734023.3344991244
13,56,93.74072,-357.55273,161.01465,-205.4015,271.87262,-50.340042,0.6289799497794147,3.8888798948366885,37,5.273362816372702,46,2.73700300052804,19577865.082006477
14,68,-111.16138,-319.9048,100.78027,112.99104,285.2633,67.5236,2.357234531072589,3.1179038030602504,32,4.487690799315245,41,4.116812602190486,22510476.39087918
15,69,-151.47827,-227.52832,55.875977,208.08015,255.30954,-27.449257,1.2625368921884155,3.2730853173741568,33,3.8888798948366885,37,3.679830804044798,21064095.97094979
16,73,243.12744,195.25488,86.72266,-313.00998,86.9581,-58.696327,0.7131419017809768,4.801402075884571,43,5.273362816372702,46,3.2326087879263103,13065980.82207473
17,74,-392.9829,27.438477,176.07227,336.12817,46.423935,-56.81655,1.224736689394964,6.33884021811047,53,6.980079740079797,57,3.303637558232288,15884517.394663766
18,82,-135.00269,-476.1079,-34.229492,110.45013,191.58571,90.980156,1.925009346515125,2.9697302481753507,31,5.560850769114366,48,1.9466060026335048,73774649.73218456
19,85,-743.48364,-119.953125,168.60547,152.72887,96.2905,-233.93192,1.1926980929491546,3.731898415274796,36,7.296498182351309,59,4.251762352151049,12442500.187044699
20,91,-363.77686,146.56152,69.40527,147.80257,94.553215,-319.58072,0.46302531720756396,2.6745885931843203,29,4.192701039587177,39,2.200143031997718,34331074.82876215
21,95,-88.103516,127.84668,-152.16211,63.909554,201.58273,287.32922,1.538338160000968,3.580853121612739,35,4.024363722579251,38,5.310331672409616,9445738.260325167
22,96,-206.50122,-699.00684,-367.1543,146.50853,133.37305,130.9436,4.136966047013865,3.4355619616722453,34,7.435457580781714,60,5.1946233941959745,15608868.928303914
23,101,12.416504,-372.43848,-10.544922,-248.03226,367.4087,-59.520096,0.787449949499355,6.674596095958185,55,7.114347722585295,58,3.1889092597104094,18110205.436728608
24,102,-39.154785,349.30664,-177.7373,308.92285,28.215834,22.120575,0.7415728509901265,3.731898415274796,36,5.273362816372702,46,2.934009830847273,17137300.91483072
25,106,142.48145,-48.793457,-23.485352,-212.30028,143.08144,-50.82773,2.068294548235145,1.9361870776816503,24,2.6745885931843203,29,5.504871827168838,12998457.45654763
26,109,52.324463,145.21973,-164.6416,198.03014,1.8765945,-52.527573,2.1743719860062263,3.1179038030602504,32,4.192701039587177,39,7.333595632738977,6073347.186136543
27,110,91.51318,-419.72656,208.99707,-134.61465,309.44714,-126.959625,0.5846105214590023,4.279277819981846,40,5.415456570160442,47,2.7157790833376065,16013861.0764434
28,111,174.73315,221.56738,-120.58203,111.105156,23.383226,137.53564,0.5375487652365564,4.024363722579251,38,4.642161998661766,42,1.6670153093698896,56973372.73263012
29,119,-64.15967,-295.06738,22.40625,138.21262,312.18808,-39.130116,2.381249905899629,3.2730853173741568,33,3.8888798948366885,37,4.719757377869487,16008126.428574586
30,121,-82.72705,-49.13086,-123.51465,33.325138,261.12534,256.39337,0.9727893341668137,2.9697302481753507,31,3.1179038030602504,32,2.8736147745719145,24194614.879556373
31,122,-246.22803,-662.978,-475.7588,55.568096,154.60168,215.12029,1.1308824273383402,3.1179038030602504,32,7.767525915144444,62,2.3684954348802716,45966262.517843895
32,123,-110.52759,-518.79443,108.487305,105.43778,304.60553,-99.514824,0.7732883469700145,3.2730853173741568,33,5.100321072369769,45,4.148465038214654,9745220.08990973
33,130,167.93848,-334.74463,206.31543,-140.77046,99.42034,-240.7567,0.6830956262228656,2.8282978179355154,30,5.273362816372702,46,2.2544362484247906,34280555.31835016
34,133,-218.64258,27.493652,120.18555,35.0201,45.12288,-264.96704,1.4071144957721216,1.533588501394217,21,2.9697302481753507,31,3.951899192793023,21670139.34068206
35,141,-169.87354,-354.65918,259.16602,-17.499287,321.04974,-162.81187,2.702120697037252,5.861713277008011,50,6.804179765943705,56,5.959086716936451,8871776.322486473
36,142,-206.08789,-601.33594,-509.3086,-45.54936,113.541725,139.72423,0.6953187579421614,2.136877449159822,25,6.674596095958185,55,4.958907255521475,6697630.705799205
37,148,-83.5,-246.56934,-93.293945,-87.60731,430.25903,-172.57504,0.24306270834756946,5.709588606856291,49,5.861713277008011,50,1.9479331052642623,21786173.82700267
38,150,-446.3496,284.9209,24.791992,217.1112,11.312275,-155.15126,2.4164117188590235,2.8282978179355154,30,4.279277819981846,40,8.303022325797135,4821565.432909895
39,151,-1055.8936,-134.93555,50.385742,246.73984,224.69962,61.51104,0.4535483634679551,3.731898415274796,36,7.623867997384209,61,2.2902272323029322,25868518.73831741
40,156,-80.47119,-260.67383,-44.084473,-38.57376,205.88203,124.88166,1.3390526611051061,1.8042623342638673,23,2.374352821664743,27,5.014437365726711,11508911.037523765
41,159,-265.7672,-660.5171,-557.1138,70.91317,161.01407,164.94954,0.37331720316413586,1.6812145133517211,22,7.623867997384209,61,2.308360577424888,27894036.967019293
42,162,430.7129,-610.041,39.22754,-90.591125,246.4972,92.97452,0.7636498869926063,2.6745885931843203,29,7.623867997384209,61,2.5818518846448457,29949119.94635016
43,163,-36.959473,-224.20459,207.75537,-110.70056,91.59242,-174.51433,1.7383776479743032,1.6812145133517211,22,2.9697302481753507,31,3.5780188993086033,29264673.825808953
44,164,-182.27173,-559.0,105.52734,66.06613,237.0161,-77.9435,0.7053341684631447,2.528971749262569,28,5.100321072369769,45,4.638417955537748,7807847.73231412
45,173,-165.05249,27.436035,-19.939453,179.52988,243.09348,30.48112,1.0222742118981865,2.374352821664743,27,2.6745885931843203,29,4.818477518594051,8915499.342733959
46,175,103.51099,-828.1782,-362.2461,-105.2566,226.67415,136.96523,0.823850138264136,2.6745885931843203,29,6.504937136245459,54,5.671277431528632,5013183.7487762645
47,180,19.509033,152.20215,-33.384766,293.4456,-37.23407,25.507063,0.3665863834090524,3.1179038030602504,32,3.2730853173741568,33,2.867293712075315,9729408.087133385
48,183,274.68213,-263.66992,203.60742,-216.62445,123.697586,-282.63022,0.34208626989280716,5.560850769114366,48,6.176295889028056,52,1.9819642256900454,21719040.385758348
49,186,22.36377,359.1582,-78.293945,101.7108,35.073593,223.13791,0.47524844892685975,3.8888798948366885,37,5.273362816372702,46,2.6418283708205013,15229606.584158119
50,193,97.6333,-369.99414,2.7167969,-219.31575,254.35582,-310.14575,0.2033240567416542,6.980079740079797,57,7.435457580781714,60,1.2001575778332647,43009344.91670915
51,198,-35.672363,-956.9219,-89.28711,-146.65158,357.651,50.157787,0.6355492193015374,4.024363722579251,38,6.504937136245459,54,2.8553204226474307,12803234.530481808
52,199,216.41455,-372.39258,285.75195,-215.24083,145.34218,-238.99435,0.1493699525287449,4.801402075884571,43,5.861713277008011,50,2.1394148209423878,12799557.792545091
53,204,-7.9680176,430.8081,-183.03027,-41.979214,67.22394,-78.791756,0.2803782824397193,2.136877449159822,25,6.056697650557152,51,2.391422276296073,18024067.657132573
54,214,27.090576,176.82227,2.6591797,283.59164,-67.63591,-27.97205,0.24451657245389333,3.580853121612739,35,4.192701039587177,39,2.4788524752211147,14107973.988684725
55,216,-316.67578,-1.1708984,92.09863,293.5684,-4.6849194,-298.28363,0.30746302370269074,4.279277819981846,40,4.801402075884571,43,2.312880608533822,14978089.034793764
56,220,-227.32056,121.23828,-64.50586,162.26236,57.711914,-216.81325,2.432134885649995,2.6745885931843203,29,3.580853121612739,35,5.012629739679348,16706827.584250042
57,221,-277.56934,-205.20312,-84.9834,353.0984,145.1503,-76.72807,0.2842552240598086,4.965495393526235,44,5.415456570160442,47,1.7942974399197162,25339737.18088959
58,223,-676.85596,-57.185547,423.7461,210.32011,131.8446,-279.75455,0.1393545200101809,5.861713277008011,50,7.623867997384209,61,2.1638351640749214,9296606.300676048
59,225,151.7688,-240.60645,75.48535,-198.78105,291.39783,-6.0634756,1.085005240838789,2.8282978179355154,30,3.731898415274796,36,1.7368929042096015,68769949.00169653
60,226,-117.69043,116.87549,-31.703125,24.658464,67.87471,-70.5413,0.7043111049780495,2.2289543449187157,26,2.8282978179355154,30,2.512424640438294,35020591.521212325
61,229,309.0869,-30.683594,-358.2246,-144.77628,98.34067,-140.01198,0.12040057953459202,8.882696126533009,69,8.060890532331136,64,1.427938420855841,20473204.862282805
62,233,-382.00146,-255.5039,-49.714844,328.09995,151.71758,-92.613396,0.27569363364998767,5.273362816372702,46,6.056697650557152,51,1.6920521344453185,29852908.008870877
63,235,-35.978516,-428.9453,-38.67578,-120.98653,284.7661,-192.41481,0.5789028091841755,5.861713277008011,50,6.980079740079797,57,4.2738745680390515,5628806.092014848
64,237,173.81323,-448.23926,158.55664,78.41222,241.08435,-253.91951,0.38677879867914117,3.4355619616722453,34,5.560850769114366,48,2.0297404419651026,23292053.873328842
65,242,-171.92334,-215.61816,-177.58203,-125.67655,384.9322,-105.76192,0.18167779936282233,6.980079740079797,57,7.296498182351309,59,1.7651344694372866,17935418.40088148
66,248,-619.97754,42.844727,108.39844,240.01202,57.634945,0.75793266,0.2661628298327252,4.965495393526235,44,6.804179765943705,56,2.4090410257001373,13785584.092425175
67,249,-784.813,-98.237305,84.46973,161.93105,192.00864,-80.86619,0.243547337048871,3.1179038030602504,32,7.435457580781714,60,1.7834852446091403,29202448.06993503
68,250,-59.739746,-342.63867,321.34277,-88.73327,346.7942,-139.71967,0.2221703080607263,5.273362816372702,46,6.176295889028056,52,1.5002802937328992,30143133.246007897
69,253,-957.74,-96.83203,118.67383,160.34808,142.61386,-68.99945,1.1988365618500485,2.9697302481753507,31,7.767525915144444,62,5.617570231989968,4963290.460645729
70,254,-314.03833,-488.10547,-449.54102,85.83729,227.47923,215.4456,0.18668552662089472,4.279277819981846,40,6.33884021811047,53,1.4356292597491662,30767190.001512256
71,259,66.05029,-515.60254,61.930664,-140.90742,283.13434,-264.1335,0.3643786842083206,5.709588606856291,49,7.296498182351309,59,2.4653676958530553,15398665.245091505
72,260,-297.6748,-45.49707,8.974609,40.799637,332.0144,-311.4332,0.12578522433986838,6.674596095958185,55,6.804179765943705,56,0.798625260368609,75894478.23362547
73,262,66.45557,57.203125,-196.37695,-196.77884,-215.52902,-100.83405,0.15426997963151012,5.100321072369769,45,4.965495393526235,44,1.649636791327114,20795423.15373567
74,268,168.8208,-745.1836,-12.722656,-140.69878,218.89133,97.8473,0.301163004568836,3.580853121612739,35,7.296498182351309,59,1.178320026519822,59158069.048773244
75,271,-55.9563,-744.3838,272.55273,121.81772,184.2669,-112.877655,0.4225328305072407,3.731898415274796,36,7.435457580781714,60,2.5213187549686684,20631135.676400244
76,278,-235.95898,-184.5415,-5.0898438,228.64656,145.99265,-2.0706182,0.4058942563913197,2.136877449159822,25,2.9697302481753507,31,2.423941433166581,27697236.449363038
77,281,-448.61597,-347.03906,33.34082,238.76816,299.96777,51.840656,0.6131491268282976,2.6745885931843203,29,4.024363722579251,38,4.300342389729174,9187037.530944604
78,285,-137.59888,507.22803,-245.86621,192.53087,-3.6815844,-109.64969,3.1161459631929715,2.374352821664743,27,4.024363722579251,38,3.651331011602313,36636131.17972409
79,286,135.24121,53.569336,276.23828,1.6582861,-205.84872,-155.73642,0.14285453308427584,6.056697650557152,51,6.33884021811047,53,1.3029680657762466,31221821.276816033
80,290,-316.03198,9.818359,7.9541016,330.19537,150.33359,109.76947,0.14888533482623376,4.192701039587177,39,4.642161998661766,42,2.5332722529945912,6683211.959001688
81,291,93.23047,333.89648,-90.47461,84.44696,-113.33369,-99.66858,0.4628099168969496,3.1179038030602504,32,4.192701039587177,39,2.4459173764255264,24790641.59852727
82,295,-39.397217,229.45605,-16.237305,76.465904,107.77765,135.89456,0.7589113441300597,3.1179038030602504,32,4.192701039587177,39,2.3479250826370794,25748350.734546475
83,296,-271.07422,120.61719,-4.129883,253.2327,70.92495,-136.1579,2.3600345591299297,2.528971749262569,28,3.1179038030602504,32,5.606697396764764,11755470.397979435
84,297,-102.79126,46.788574,-262.69434,-44.191704,193.3054,142.83992,0.15227765874381188,2.2289543449187157,26,3.2730853173741568,33,1.3369382266288283,39259954.05978404
85,300,-241.94897,215.07227,-146.28809,261.94824,143.76134,160.01663,0.14134684089787913,4.024363722579251,38,4.487690799315245,41,1.1936893237549369,38806930.17391983
86,301,-158.23877,-938.5908,-248.29492,-21.89658,368.10522,182.58655,0.8233116374876002,3.580853121612739,35,7.623867997384209,61,3.5038294743109675,13191579.387075623
87,304,-203.45312,158.91992,-80.5,294.17722,73.272484,-14.165819,0.1482391778895522,2.528971749262569,28,3.1179038030602504,32,1.1399698607699034,50062569.30945431
88,310,-102.58447,-988.83594,-242.59473,14.615036,294.31454,265.5202,0.21199332530920154,4.487690799315245,41,7.623867997384209,61,1.2990021304709327,42843319.032683045
89,312,87.64307,-226.40674,78.13086,-158.64133,123.39917,-362.52646,0.18426242710954854,3.1179038030602504,32,4.279277819981846,40,0.9767205032731959,66958759.84743542
90,313,-431.29688,-79.60547,-44.376953,316.90793,235.9481,-32.118687,0.165900804491778,6.674596095958185,55,7.114347722585295,58,1.9611830945466022,14821637.146586478
91,314,188.42578,-403.9131,222.71191,-34.80213,161.64876,-376.07657,0.12713138829088508,4.965495393526235,44,6.33884021811047,53,0.8464756368042063,67405987.26900947
92,315,-14.855225,465.4248,-156.47754,-154.08607,-35.583588,-107.422325,0.33481699335634935,2.9697302481753507,31,4.279277819981846,40,5.258121777761834,2435347.85717359
93,319,-357.7124,-422.2085,-837.6045,64.105934,211.66107,136.37064,0.2516781488350439,2.6745885931843203,29,6.33884021811047,53,3.5516459272748695,5673900.495941905
94,323,-159.42456,127.84863,-42.407227,406.51035,-79.737,-245.93088,0.314086143302467,3.580853121612739,35,3.731898415274796,36,3.4949083623435766,7954864.851114271
95,329,-345.59473,73.51611,-31.061523,219.29822,129.97935,-165.09453,0.4373944400509163,2.9697302481753507,31,3.731898415274796,36,2.586595652196246,17088671.604090385
96,332,-26.562012,-658.60645,-28.692383,185.57755,214.1096,-140.86581,0.08739273118557464,4.487690799315245,41,7.435457580781714,60,1.0962360751583395,37648251.030776076
97,335,-26.288574,-666.9663,-359.42285,-105.41218,243.61703,96.719154,1.0003048760510138,2.374352821664743,27,7.913199658557741,63,4.447484730753921,10339925.28018495
98,341,-256.11548,137.43994,-53.259766,247.00117,35.672146,40.183563,0.11388517108891331,2.136877449159822,25,2.8282978179355154,30,1.1266711258524487,51013665.734097
99,343,122.271484,-507.74414,155.47266,-160.63614,298.20276,-281.1896,0.16030077037467766,6.33884021811047,53,7.435457580781714,60,2.46288692462125,6534286.901257766
100,350,-113.79663,-131.05469,90.35156,-15.874842,38.06694,-206.54419,0.9907201781609363,1.6812145133517211,22,2.8282978179355154,30,4.402281704646784,11826556.282366654
101,351,-130.00464,-93.18457,-12.229492,209.98416,-142.56192,-62.51579,0.3005706757122273,4.279277819981846,40,4.024363722579251,38,1.861667319574967,33003349.179190505
102,352,160.53711,-106.34082,102.924805,-207.11903,78.56946,-308.41803,0.10150048913665673,3.1179038030602504,32,3.4355619616722453,34,1.3307649554961205,28125822.803002466
103,353,-217.80688,166.85254,-103.80469,303.8544,122.828674,69.81849,0.198262501403509,2.374352821664743,27,2.8282978179355154,30,2.3460431156924666,12750823.300546676
104,355,-479.67163,182.30322,75.348145,164.48906,46.73849,-51.852573,0.1795239502397441,1.8042623342638673,23,3.8888798948366885,37,0.7146536636306766,164839424.52443343
105,361,279.99854,-547.42285,-297.4121,-160.96922,244.89384,146.55067,0.2875937088985235,4.801402075884571,43,6.176295889028056,52,1.6179349919926054,25938113.150059614
106,363,-244.64258,-980.51074,-125.52734,204.60101,297.1534,180.41307,0.2722474706535463,4.642161998661766,42,7.435457580781714,60,2.22050025092362,14953453.412390215
107,364,-1109.4031,-71.99902,274.6875,286.7338,263.88617,-157.28989,0.20811638368911226,4.279277819981846,40,7.435457580781714,60,1.308723930658241,44583880.42039374
108,370,-124.220215,-982.27637,-163.77441,135.75063,369.737,19.714594,0.213662567728559,3.8888798948366885,37,7.623867997384209,61,1.7838654801870275,17980603.663932037
109,371,163.69849,304.5957,-15.327148,-25.550863,-46.732162,-338.82025,0.17645469379171635,3.8888798948366885,37,4.642161998661766,42,2.0250972884803247,14544875.227997126
110,372,210.26025,-809.61426,161.0459,-187.80676,273.97342,96.623825,0.2348242184036701,4.801402075884571,43,7.296498182351309,59,4.455224396249432,2824178.239591084
111,375,-308.4226,-271.24756,-13.490234,37.129837,218.58598,29.667147,0.2843629242151157,1.8042623342638673,23,3.580853121612739,35,2.9234205260878072,11528444.270950194
112,385,-67.9436,-539.82324,-11.658203,-63.789345,256.43665,-45.73679,0.2984706766668026,2.6745885931843203,29,4.965495393526235,44,1.1478172458182845,83188797.04570743
113,386,101.73999,68.581055,180.00293,245.1844,189.26466,61.438263,0.2755859554922612,4.024363722579251,38,3.2730853173741568,33,1.6224308280540105,35751830.57215008
114,390,-211.53198,-206.73926,15.605469,157.01443,226.7081,-21.521738,5.186163361951739,2.528971749262569,28,3.4355619616722453,34,4.841971134270605,26742879.938564166
115,391,-489.65625,-205.48633,16.861328,255.96358,83.67807,-221.86224,0.19680863729718515,4.965495393526235,44,6.33884021811047,53,1.950089726532093,14488482.713005459
116,395,-98.73999,-425.88867,40.645508,210.1829,274.9407,6.8763123,0.18415473795303172,3.4355619616722453,34,5.273362816372702,46,1.4528047367008987,28902766.793199655
117,399,-212.97144,-246.8418,-48.359375,205.07591,172.18015,40.759983,0.05346949200979333,3.8888798948366885,37,4.965495393526235,44,0.7693687078655799,58015567.30180645
118,401,-38.23181,-281.4148,265.23438,18.188784,166.03458,-81.68191,0.1067235947077627,1.1715222761133197,17,4.642161998661766,42,1.3753919713775105,35024933.1297675
119,408,-297.57263,-391.01123,67.677246,82.73258,173.72821,-9.746294,0.09735431912588025,1.4594757711996686,20,5.273362816372702,46,1.917646126535371,16064567.617925642
120,411,-282.23047,98.33545,-36.073242,235.22145,24.056713,-96.84554,0.11232361782607267,2.2289543449187157,26,2.8282978179355154,30,1.3097533444745617,29996398.681951858
121,414,-148.87988,188.2959,-48.282227,277.91373,42.226692,-2.303801,0.15572383273904358,2.528971749262569,28,3.1179038030602504,32,1.293453913358378,36885315.115802795
122,421,-311.87744,70.59717,-47.060547,232.21771,139.24182,-149.7966,0.6696878367903524,2.8282978179355154,30,3.731898415274796,36,4.261762504353499,7414746.408202402
123,422,-56.455566,-273.04297,-129.74805,-154.63437,312.09158,-236.48445,0.09126967280566393,6.176295889028056,52,6.504937136245459,54,1.6280217832237531,13642574.725853994
124,424,37.071045,328.86426,-50.2041,66.98781,-71.75499,-344.3879,0.3787556650506947,3.4355619616722453,34,5.100321072369769,45,2.768726616312039,14553519.647806749
125,426,-158.42358,67.40674,-8.125,315.35583,165.37593,106.82572,0.09735431912588025,2.6745885931843203,29,2.8282978179355154,30,1.5105479351492574,20387732.454476565
126,427,-471.04004,49.98242,363.35254,87.02273,43.75161,-241.9893,0.06294645674819259,3.2730853173741568,33,5.560850769114366,48,0.577325483425171,116588699.69300134
127,439,-851.8406,115.6792,-119.78223,193.88225,92.28359,14.497471,0.10613128784873474,2.9697302481753507,31,6.980079740079797,57,1.939135347445071,12103634.389872732
128,443,89.378174,380.6416,-59.32422,-49.83934,-22.944408,-295.53375,0.11878518719288815,2.9697302481753507,31,4.801402075884571,43,2.0751882727326763,11193146.258224444
129,446,-33.191895,-262.66016,-55.249023,-228.51523,328.16412,-218.5918,0.0818465471461279,4.642161998661766,42,4.965495393526235,44,1.757924858895898,11740613.54182256
130,448,137.12451,-515.3369,206.46191,-102.38541,203.72864,-285.83112,0.07516959396688362,4.965495393526235,44,6.980079740079797,57,1.0506835180942649,37245466.17236976
131,451,-725.0298,-56.67383,99.62988,167.37776,195.1914,-69.211876,0.11926980489539932,3.731898415274796,36,7.296498182351309,59,1.108167290439203,56745613.64235532
132,452,-116.93359,-95.00293,-98.59082,38.57622,271.12857,278.09753,0.13650066387276752,3.1179038030602504,32,3.2730853173741568,33,1.8731729465281182,14189517.250761291
133,455,-83.47583,252.35986,-39.01758,-71.870285,82.78187,-244.513,0.3498401531329857,1.6812145133517211,22,4.192701039587177,39,2.2166967075713844,27422687.591925126
134,456,-99.039795,136.79395,-233.54492,46.035206,194.36342,185.22884,0.168377732083197,2.374352821664743,27,2.8282978179355154,30,2.501675744425018,10196317.178493746
135,462,-758.92554,-114.09033,26.530273,139.6405,105.838776,-132.5411,0.3429478051425223,2.6745885931843203,29,7.435457580781714,60,1.7730774912093956,24164939.520312373
136,464,-154.20068,-960.9053,134.50195,-110.37809,443.13495,38.628143,0.10650820539593872,5.415456570160442,47,7.623867997384209,61,1.5847963632981439,13275708.149773799
137,465,-114.09766,-530.91406,124.39746,17.81701,193.58559,44.949768,0.381124936481968,3.731898415274796,36,6.674596095958185,55,4.96570400865995,3522090.3933057804
138,467,97.45752,-165.82227,-6.482422,-129.74448,421.40506,-306.69925,0.13256987217502464,3.2730853173741568,33,3.4355619616722453,34,1.0405580477938856,85244059.4061397
139,470,112.698975,-892.1846,-244.32031,-110.353645,212.16339,35.360992,0.08766195957626183,2.8282978179355154,30,6.33884021811047,53,0.8625854419386932,67166048.75731896
140,471,32.999268,-818.4658,-79.45703,-222.06866,229.88585,114.36485,0.13219294362903028,4.192701039587177,39,7.623867997384209,61,1.4134576973755641,24424618.377497308
141,475,1.2148438,187.79834,-91.11182,-114.378,65.01343,-171.1912,0.15292381568049343,1.9361870776816503,24,4.487690799315245,41,0.687616076300234,159966136.54960525
142,476,-372.55518,-219.9961,-380.95898,136.14679,216.05148,240.46236,0.22098569434267037,6.056697650557152,51,6.980079740079797,57,2.851649964564834,6688219.470520776
143,478,-53.267822,193.24707,-50.365234,327.5958,-20.24329,38.170677,0.11189285020121509,2.9697302481753507,31,3.1179038030602504,32,1.5125979958690898,20974637.757597283
144,481,-307.23035,28.921875,-65.85303,211.14539,39.668293,10.98783,0.20224712118132473,1.533588501394217,21,2.6745885931843203,29,1.8782366825975958,29591209.21856549
145,486,6.92041,-168.53125,-25.876953,-237.14825,315.98953,-348.92297,0.1330544898775358,2.8282978179355154,30,5.709588606856291,49,1.1488990168798745,46336894.402375564
146,488,-149.98438,242.23389,-43.63672,170.1417,87.68233,-29.598942,0.08437733031459568,2.136877449159822,25,4.487690799315245,41,0.9506385879100903,54925586.146321185
147,490,-445.68518,-224.76074,-15.290039,108.09257,189.55417,-73.776215,0.06310799598236298,1.4594757711996686,20,4.024363722579251,38,0.7218344305166488,114862010.00003822
148,492,246.3872,-569.46484,276.03516,-139.50453,199.73595,-37.86296,0.2601858671696305,4.642161998661766,42,7.623867997384209,61,1.2927903971132277,52173806.53607845
149,495,-63.849854,-441.0244,26.765625,74.82951,240.5254,-105.69421,0.2048855990057045,3.1179038030602504,32,4.965495393526235,44,1.52811095846244,30942140.0817145
150,496,-312.5525,264.90967,-63.609863,158.04506,1.0583534,-152.16742,0.1270236881355779,1.8042623342638673,23,4.642161998661766,42,1.2522967424949296,37244188.01086898
151,500,-320.71997,123.9834,11.806641,251.51413,114.28178,-205.23914,0.11124669326453354,2.8282978179355154,30,4.024363722579251,38,1.741331190249303,18856600.094072424
152,501,-389.51123,-159.08887,268.79688,303.78784,138.75618,-346.95502,0.08120039020944635,6.980079740079797,57,7.435457580781714,60,1.0519575715426963,34163775.82018559
153,503,67.11133,-250.39453,-83.31445,329.89688,381.57712,-53.191612,0.07150803615922312,6.176295889028056,52,6.176295889028056,52,1.5089190911314108,11360240.583543032
154,505,139.8794,135.50781,59.86914,-123.842964,21.914051,-261.83597,0.20477792084797808,2.528971749262569,28,3.1179038030602504,32,3.162780212125597,6522609.764716078
155,507,346.2578,238.19629,19.990234,57.22752,-182.28976,-53.249855,0.06940802611500808,6.176295889028056,52,7.296498182351309,59,0.8923087051945013,39667192.83579852
156,509,12.822266,116.6084,-85.302734,-150.49518,-15.661532,-160.47163,0.17527008007366043,2.136877449159822,25,3.1179038030602504,32,1.5042132570267115,34183677.495220445
157,513,-424.26367,-153.52637,-5.2929688,272.5503,59.27501,-189.32288,0.06633878066577072,4.279277819981846,40,5.273362816372702,46,1.3106340773359524,18735715.883326005
158,514,-225.68701,-34.179688,135.42188,428.04407,142.14474,51.219723,0.10753129087861464,4.965495393526235,44,5.100321072369769,45,1.547326707564014,14764174.694355113
159,517,-35.95117,42.208008,-119.234375,124.729004,-17.13934,-66.82231,8.803081259039041,2.6745885931843203,29,2.9697302481753507,31,7.608084845996179,18605066.277208343
160,523,203.82593,-162.31152,86.37012,-248.23842,225.03792,0.40850735,0.05185409416869428,3.1179038030602504,32,3.731898415274796,36,1.6151858853977001,10340311.187878808
161,524,-223.86182,-636.47656,-428.0332,10.63312,87.72924,149.2186,0.20736254859470427,2.9697302481753507,31,7.114347722585295,58,1.6464727504436591,24197222.206444625
162,527,-131.84595,301.3418,-165.14062,228.7817,-18.024618,-141.63055,0.2850629092318701,2.528971749262569,28,4.642161998661766,42,4.413886336955892,3856193.1158917774
163,530,310.25317,179.01855,2.3203125,-246.5709,132.37695,-16.368923,0.05589258052234914,4.024363722579251,38,4.642161998661766,42,1.107325716733328,29495845.021439698
164,531,-238.47949,92.41699,-53.219727,255.47552,-10.129516,-183.14677,14.674709298669113,3.2730853173741568,33,3.731898415274796,36,8.970218326071079,14341666.447503747
165,532,-24.83252,-461.14258,-80.375,-135.48238,349.29126,-16.635195,0.13617758540442676,6.176295889028056,52,7.114347722585295,58,0.8569314279973121,62906120.71144224
166,534,213.66699,-629.0166,367.12207,32.10623,233.10847,-233.08536,0.11318516407457818,4.279277819981846,40,6.33884021811047,53,2.0936496515569045,9950100.80394822
167,535,122.84424,-295.41406,198.53516,-268.21506,137.28702,-325.1754,0.06563877915083077,6.056697650557152,51,6.674596095958185,55,1.5288979902784856,12243616.141277613
168,536,-253.65576,70.76953,-56.851562,315.17694,145.61838,126.66222,0.3566786510457956,3.731898415274796,36,4.192701039587177,39,3.085995069989195,9791276.570505608
169,538,23.26001,-404.30273,361.35742,-57.175266,136.54631,-165.83456,0.05034639648290239,1.8042623342638673,23,5.861713277008011,50,0.9062013832159337,49705214.43798297
170,545,-30.592041,112.92676,-57.524414,63.16567,132.38799,291.06934,0.16299309827671102,3.1179038030602504,32,3.1179038030602504,32,2.211177396700679,10787310.12631063
171,547,-444.4944,-217.95801,12.407227,250.33269,95.98244,-146.45915,0.075331133201054,4.024363722579251,38,5.415456570160442,47,1.085778613464122,30200593.03291969
172,557,-246.83057,65.57715,-121.96094,364.45563,64.94877,-213.20929,0.06687724844593547,3.580853121612739,35,4.024363722579251,38,1.2858168280173055,22545323.665126376
173,558,262.9121,-456.11914,-549.63477,-93.84172,165.54904,105.0268,0.24543195778126206,3.580853121612739,35,6.056697650557152,51,2.7316140046227697,9992527.202328453
174,560,-168.2461,-155.33789,-191.91211,251.21815,292.6635,324.47305,0.35344786636238784,7.114347722585295,58,7.114347722585295,58,2.6086843678750617,8950544.611846378
175,565,-264.46338,-608.81445,-359.11084,111.44432,83.00849,45.167496,0.2640089587120662,2.136877449159822,25,7.435457580781714,60,2.976468214541744,10712034.658759946
176,566,-58.979736,-95.2334,-89.05469,35.345432,311.1351,305.3267,0.055246423585667594,3.1179038030602504,32,3.2730853173741568,33,0.8886058221131053,46374891.66143187
177,569,-353.9005,-46.625977,-213.50146,120.32624,147.24689,104.724266,0.04970023954622085,1.533588501394217,21,2.8282978179355154,30,1.5509830964563647,15852682.664171923
178,572,27.302002,-1026.5693,-65.5625,-127.9345,311.4269,109.04793,0.12309290743662539,3.8888798948366885,37,7.114347722585295,58,2.09664336464642,11114549.006852612
179,575,-2.0419922,-20.642578,-205.95898,-130.00293,414.88074,84.384834,0.0478156133144346,4.965495393526235,44,4.965495393526235,44,0.9415372728978749,33875877.43266841
180,582,-97.04248,288.0664,-355.31152,51.45727,231.48518,155.8864,0.050561780295331184,2.9697302481753507,31,6.056697650557152,51,1.2754036269513371,19616651.707292765
181,601,-159.08032,-1149.7803,-123.27051,-51.636116,362.19507,126.3296,0.055354112742184394,4.192701039587177,39,7.623867997384209,61,0.7214185246154923,60987146.09937537
182,610,-129.75757,216.50293,-162.56445,92.904526,189.74242,288.4248,0.08125424028709993,3.8888798948366885,37,4.487690799315245,41,1.1863667396407211,25816619.163512226
183,613,322.4143,-51.121094,-79.58984,-95.543564,187.39854,77.38624,0.05120793723201273,2.2289543449187157,26,4.487690799315245,41,1.9317973300702094,7638445.478831525
184,614,-148.58887,-178.30322,123.884766,192.70538,43.68243,-285.66547,0.1167390272263267,1.9361870776816503,24,2.9697302481753507,31,0.5744163316180064,234292525.15288317
185,616,64.480225,-333.53223,161.875,-67.610825,231.57861,-361.1188,0.06978495466100244,3.8888798948366885,37,5.100321072369769,45,0.6736244636428371,83099850.58425531
186,617,29.101074,0.32421875,131.61719,25.714281,-220.80771,-408.53766,0.17193159523494553,5.273362816372702,46,4.965495393526235,44,2.485771366082649,8884388.145244414
187,620,-275.21313,130.43457,-15.947266,253.1129,-50.428352,-178.02592,0.15179304104130073,3.731898415274796,36,4.192701039587177,39,0.8123089324454521,100142438.02603805
188,622,-418.2876,79.904785,285.76953,119.77381,98.18476,-258.66864,0.07446959245194366,2.9697302481753507,31,4.642161998661766,42,1.8343261329356062,12631927.201904688
189,623,-70.96326,-185.71484,282.01758,3.1224627,41.09036,-230.93806,0.0742542031401197,1.3596657565303385,19,3.4355619616722453,34,1.2852365848176444,31178287.462019917
190,629,-73.23389,-857.2798,-201.18555,-216.53362,316.07065,147.0072,0.0651541614483196,3.4355619616722453,34,6.674596095958185,55,0.9843602636361073,41793572.71318728
191,631,-14.343018,256.05762,-198.0918,-52.762768,189.26741,214.2489,0.07764652705769783,2.6745885931843203,29,4.965495393526235,44,0.8871881175813188,42216595.93679823
192,633,77.398926,-666.81445,263.13672,-32.84901,446.97778,-220.13931,0.09756969743891385,6.804179765943705,56,7.767525915144444,62,1.4897226435005462,21142598.7066105
193,637,-234.30078,168.49121,-49.595703,295.1897,53.66133,8.52021,0.09530814816052842,2.9697302481753507,31,3.2730853173741568,33,1.010356589576284,46289922.68193206
194,638,-326.46313,244.2168,-3.1142578,150.80191,-79.97177,-129.23119,0.088146577278773,2.6745885931843203,29,3.731898415274796,36,0.8393530671811077,76975172.86369053
195,640,-331.43005,75.07568,-92.28955,139.91296,33.488014,18.800743,0.1068312838642795,1.3596657565303385,19,2.6745885931843203,29,0.8004756346504994,107179963.89632386
196,643,-117.348755,-198.57715,143.4414,-72.447235,161.5368,-81.55148,0.1609469273113592,1.4594757711996686,20,3.2730853173741568,33,1.4153158342546643,42346056.1647957
197,644,-47.41211,-755.4883,238.08496,-191.31339,321.63885,-12.663321,0.08308501644123259,5.100321072369769,45,7.296498182351309,59,1.4843970538378326,16325837.95862736
198,645,-290.9099,101.23535,77.92139,159.39282,113.5903,-139.12291,0.6700647873339274,1.4594757711996686,20,2.8282978179355154,30,3.1449772522908876,23299488.215034563
199,648,200.64087,-341.9463,188.1582,53.367428,239.49594,-233.78987,0.039146341997189686,2.8282978179355154,30,4.801402075884571,43,1.0763864721337653,23787485.699941363
200,652,-19.4375,-387.94336,3.3310547,-54.489807,331.96994,-65.97158,0.0981081652190786,4.192701039587177,39,4.965495393526235,44,1.3455175116879077,28999476.042363286
201,657,-229.2727,392.18652,-152.81055,244.34491,117.272354,42.60606,0.06343107445070376,3.2730853173741568,33,6.33884021811047,53,1.3148706873940303,17046312.805847492
202,661,73.521484,173.06055,-131.13281,-277.61563,53.20246,-99.48549,0.07980038717956645,2.6745885931843203,29,4.965495393526235,44,1.5404439309390188,17955555.215987723
203,664,-64.72485,226.29297,-54.199707,-53.30195,127.10684,-43.068535,0.2715474636392112,1.8042623342638673,23,4.279277819981846,40,2.197608029877427,25068853.72301227
204,669,169.2627,-261.79102,320.9336,-365.96155,229.9362,-134.60344,0.06720032691427624,6.980079740079797,57,7.767525915144444,62,2.7539939998146723,2694033.2465912267
205,672,-330.9403,242.13818,47.797363,92.16691,-3.8861082,-220.37183,0.1879778404942578,1.3596657565303385,19,3.580853121612739,35,2.2916844601246344,18848326.000669684
206,673,-363.71387,276.50635,9.328125,195.8354,133.01628,-115.96185,0.060738757547460755,2.374352821664743,27,3.8888798948366885,37,0.7422073086545609,77771719.02158827
207,674,-221.69116,-839.82324,163.90625,187.55858,225.5605,-158.9599,0.052123328058776654,3.8888798948366885,37,6.674596095958185,55,0.7379296773275229,62751948.07196583
208,677,-272.9192,-137.68848,-28.449219,1.795621,212.09494,68.49134,0.09880817223341373,1.533588501394217,21,2.6745885931843203,29,0.5814533716566548,205138817.08654386
209,679,-173.3042,-552.3638,114.24805,35.12601,203.31317,61.761745,0.057723356676481805,2.374352821664743,27,7.296498182351309,59,1.9307957434469376,9170103.049842464
210,682,-48.993652,-330.5713,17.16504,157.1279,343.0769,-61.631332,0.07414651398360289,3.8888798948366885,37,4.642161998661766,42,0.6606357617506582,111248233.4143249
211,685,-70.67285,-315.17285,345.95508,73.3414,119.80825,-192.32469,0.04883869879711051,1.4594757711996686,20,5.560850769114366,48,2.017447844076224,7270799.306759009
212,686,19.635498,-264.6958,226.35059,-102.954475,70.626854,-222.49283,0.07048495617594239,1.8042623342638673,23,3.731898415274796,36,1.8072449666735564,12799995.418473069
213,692,-46.058105,490.99707,-77.31445,-142.60454,-14.566779,-116.319595,0.06650031989994111,4.024363722579251,38,6.176295889028056,52,1.3162341093922416,17725166.2403694
214,693,-533.8767,330.16553,70.549805,208.76201,-13.102356,-158.8289,0.06730801607079305,2.6745885931843203,29,4.487690799315245,41,1.1051910802621592,33581496.14128032
215,694,-409.05188,-44.922363,0.43066406,186.52339,108.98554,-74.75732,0.05293102422962859,1.6812145133517211,22,2.6745885931843203,29,0.8666106843621753,52417820.76522012
216,695,229.34033,361.48047,44.26367,-56.8786,6.148638,-271.12094,0.07021572228586001,3.8888798948366885,37,4.965495393526235,44,1.6918299018499103,9246562.50948135
217,703,-331.2273,-99.01465,32.902344,168.77496,127.82,-216.66145,0.10833898704946657,2.136877449159822,25,3.1179038030602504,32,1.0284379920556752,47811439.593731664
218,704,-124.687256,-620.4033,196.1875,72.483955,333.79532,-113.30952,0.1118390001235615,4.192701039587177,39,6.056697650557152,51,1.0325653067502858,40166967.12136586
219,705,201.43457,-468.39258,-191.11914,-172.69461,236.58008,135.74902,0.12077750808058638,5.100321072369769,45,6.176295889028056,52,4.147869496538621,2135648.8128179815
220,710,-208.9469,253.44629,-100.47461,117.01608,98.26222,93.119064,0.1319775653159967,1.533588501394217,21,4.279277819981846,40,1.135988890357657,64439947.77443324
221,712,12.967285,221.3584,-49.979492,-96.3351,119.05088,-7.8489227,0.14780841026469463,1.8042623342638673,23,4.487690799315245,41,2.181362368446099,10842726.743436586
222,713,-198.21655,118.50586,-116.91113,308.88876,125.40405,-50.783405,0.13741604920013625,2.374352821664743,27,2.6745885931843203,29,1.0443363819104658,48591060.25930081
223,715,25.934326,503.82178,-177.19043,-53.320286,63.72889,-95.03678,0.05610796433477793,2.528971749262569,28,6.504937136245459,54,0.5558392871887861,125240136.34814326
224,717,-139.25146,-204.23535,215.9668,-30.630045,329.4986,-306.89984,0.0766772916526755,5.861713277008011,50,6.176295889028056,52,1.7857340218818556,9181888.670722585
225,719,-180.91504,164.47461,-73.43457,-87.073944,-175.35222,-116.597855,0.03349246880122614,4.487690799315245,41,4.801402075884571,43,0.6505665771602044,71377914.39933832
226,720,-3.65625,-245.99805,136.43262,-204.2954,363.97775,-79.845825,0.06800802308512818,4.024363722579251,38,4.801402075884571,43,1.5914325120177388,13294327.85473707
227,736,322.70068,-499.5249,63.535156,-25.691595,237.7591,-67.89724,0.055300268163926,2.6745885931843203,29,7.435457580781714,60,0.8398394101739436,55557524.23943084
228,739,-781.7107,-106.89258,108.663086,131.19424,143.07626,-98.5446,0.0464694548628131,3.580853121612739,35,7.435457580781714,60,0.7588094987208156,54954689.01753624
229,740,-135.42114,274.99707,-102.63965,119.597176,-5.074891,14.735163,0.1774777792743923,2.374352821664743,27,2.8282978179355154,30,0.8063224457308936,140586661.815905
230,742,130.93555,-179.5498,140.00098,-383.05923,298.36987,-124.86573,0.05508488435149721,5.100321072369769,45,5.273362816372702,46,0.9770260487203382,27434300.7300994
231,743,289.312,-406.4209,206.375,-262.04498,206.77966,-77.90207,0.07694652554275787,4.965495393526235,44,6.176295889028056,52,2.542030439386313,4165022.888793858
232,749,137.49219,-360.54102,-41.313477,-246.86522,298.95337,152.16025,0.08373117337791414,5.709588606856291,49,6.176295889028056,52,1.5431492772695599,13143686.132070335
233,750,-51.87622,530.59717,-273.9795,190.38007,46.876804,-75.42082,0.06186953218665347,2.8282978179355154,30,7.114347722585295,58,1.1583500051034261,29465296.856026903
234,751,501.6897,-352.01367,468.94824,-119.62813,118.55795,-176.43199,0.029561682602878444,4.192701039587177,39,7.767525915144444,62,0.7807462912079207,21427235.23905196
235,759,-646.00183,-290.63574,40.94336,171.91,94.947975,-84.20981,0.1682700429266802,1.533588501394217,21,4.642161998661766,42,1.5193973114326755,46013789.98598591
236,760,-328.04126,-18.392578,-107.11133,233.83678,175.91325,132.33542,0.21280103247884385,3.2730853173741568,33,4.024363722579251,38,4.543702826061442,3126870.9447481288
237,767,86.76758,-653.2158,96.668945,-154.15298,295.32538,72.63726,0.20036250044893367,3.8888798948366885,37,6.674596095958185,55,1.486743134768663,30014910.500424948
238,768,-110.81006,-511.78418,217.46387,45.066566,280.44943,91.65619,0.06510031687006121,4.024363722579251,38,6.504937136245459,54,0.9917555271764779,39725160.88260635
239,771,-300.73083,-628.8313,-254.61523,31.439894,202.1312,67.09039,0.1807624140354536,1.2756131568546765,18,7.623867997384209,61,2.385632466353724,17472817.0157316
240,775,-61.368896,504.81738,-153.6582,182.87663,61.482727,57.971394,0.1043005061952069,2.9697302481753507,31,5.415456570160442,47,2.3032152462330355,7951718.017528916
241,779,50.000977,-191.23633,-13.533203,-242.17506,244.64246,-345.98514,0.02950783527492245,3.8888798948366885,37,4.279277819981846,40,1.0272873739928272,20437385.566445727
242,780,246.34448,263.66113,-224.50879,-116.66213,202.37636,123.92148,0.04431560024033967,2.9697302481753507,31,6.33884021811047,53,2.1526192396248143,4962983.492871041
243,783,-139.63232,168.7539,-437.83887,32.61949,207.49516,99.39984,0.039630959699700846,2.2289543449187157,26,6.804179765943705,56,0.8024129382507148,44320683.7076813
244,787,-52.972656,-94.52344,-95.7666,483.01825,102.16706,-20.927923,0.035215555798841995,4.642161998661766,42,4.487690799315245,41,0.9023589178603272,32426378.00017841
245,788,74.78735,-370.14648,249.66504,-39.76165,321.2385,-252.00905,0.03957711512144245,4.192701039587177,39,5.100321072369769,45,0.6259203745352697,65780215.99991011
246,789,-68.86279,-402.0088,201.54688,340.6458,346.84387,-29.152067,0.04964639496796244,4.965495393526235,44,5.861713277008011,50,2.6894481836560944,2235046.517677381
247,790,-342.43384,-224.11572,-23.012695,142.82942,117.74488,-7.7095003,0.0427540524768942,1.533588501394217,21,3.4355619616722453,34,0.3429585953895688,411368708.5587749
248,797,-439.66602,291.4502,28.141602,191.946,23.464258,-302.35806,0.41251737599109595,2.374352821664743,27,3.731898415274796,36,1.5688748023348795,59801509.40409905
249,798,-57.352295,252.52734,-58.125,24.482635,180.82048,204.97865,0.6377030904221964,3.1179038030602504,32,4.965495393526235,44,5.68964433394839,4252587.083662664
250,799,68.02246,-465.8496,-101.90234,-108.514984,251.73705,192.9187,0.06547723991666039,4.642161998661766,42,5.861713277008011,50,3.4712917973527015,1801857.5045696644
251,803,-77.33276,92.8916,-5.6464844,324.63416,-62.890335,-2.599657,0.228308798959201,3.1179038030602504,32,3.1179038030602504,32,1.9737240375534324,20931179.10751813
252,805,81.51807,-380.23633,41.25293,-45.279076,171.2959,-69.37164,0.04253866591476781,1.533588501394217,21,4.801402075884571,43,1.3542464058743908,17057930.504142575
253,806,-667.33716,-146.48926,106.76758,153.70125,146.40796,-248.52367,0.06240799446742303,3.2730853173741568,33,6.33884021811047,53,0.8149163973514331,48136042.88114027
254,807,-314.79126,-809.9844,208.68164,233.96303,246.88745,-77.04729,0.04878484871945692,4.192701039587177,39,6.980079740079797,57,0.5859759582919524,78787974.42940135
255,814,-151.77734,-449.08105,-93.81152,183.28343,305.5047,-111.8888,0.04156943050974549,3.731898415274796,36,4.965495393526235,44,1.0479215217781679,24087302.955421526
256,815,-383.06616,-37.567383,171.94043,222.44884,-5.093319,-298.90994,0.03677710081258987,4.192701039587177,39,5.100321072369769,45,1.2846322895120939,12943700.753676033
257,816,-204.99902,-484.67725,-131.04199,105.8746,122.67348,148.05803,0.052015633402864664,2.528971749262569,28,5.861713277008011,50,1.8035066714902466,10335411.743810667
258,817,247.28052,-470.00195,112.47754,41.35565,233.40295,-217.84286,0.05836951361316335,3.731898415274796,36,5.709588606856291,49,1.0874473434046783,27682786.646370705
259,822,-42.333008,-160.03369,-125.15723,4.258656,256.6191,197.89143,0.2463473431086308,2.8282978179355154,30,3.2730853173741568,33,1.761592896682795,28371519.866905503
260,823,-817.749,-118.211914,22.402344,132.67026,130.11583,-169.17201,0.05745412278639943,3.1179038030602504,32,7.296498182351309,59,1.558729047750131,13463378.104343109
261,826,-327.08545,-137.03174,-637.9634,7.186431,158.09349,69.181885,0.058692592081504125,1.8042623342638673,23,5.560850769114366,48,1.068291024241782,32772665.538827464
262,833,67.69116,-139.59473,47.98242,-251.79646,150.98363,-325.271,0.07543882785696598,2.9697302481753507,31,3.4355619616722453,34,1.2204924116012061,26770551.04974438
263,834,-30.211182,293.63867,-39.698242,326.07117,-19.03057,-21.149487,0.11124669326453354,3.8888798948366885,37,4.487690799315245,41,0.8553286831940344,68297543.26547764
264,835,-96.16138,-479.77197,-184.30469,-60.93833,147.86844,124.774025,0.03957711512144245,2.528971749262569,28,6.804179765943705,56,1.0291230204692834,26877473.0304558
265,842,-218.76367,88.11426,-47.206055,272.7238,53.289745,-132.41994,0.22206260790541912,2.2289543449187157,26,2.9697302481753507,31,1.6772990979469007,27347077.42902752
266,846,-107.52026,250.14111,-56.87793,-66.99008,109.122986,-226.612,0.07247727156424544,1.6812145133517211,22,4.279277819981846,40,1.0178866462060987,44039537.71472701
267,847,65.33545,-383.4585,295.1494,62.650593,190.36583,-242.51672,0.025523198998921172,2.2289543449187157,26,4.801402075884571,43,0.9109147279729631,27351110.123102486
268,851,-345.2412,122.74414,-91.92383,265.8059,128.32962,125.39502,0.06563877915083077,3.580853121612739,35,4.192701039587177,39,0.9184127176048014,42004585.92881178
269,852,-43.127197,-238.52734,-6.095703,-176.93185,259.05872,-303.87628,0.07091572930019514,2.9697302481753507,31,4.487690799315245,41,0.8569001402290608,56282840.5950727
270,855,-348.37793,-78.15234,468.08398,142.35417,65.39261,-338.8975,0.04038481129229438,5.861713277008011,50,6.980079740079797,57,0.8227825734382651,40943323.176985346
271,856,38.37549,87.29004,197.56738,-361.7577,63.39744,-198.1309,0.05637719822486031,4.801402075884571,43,4.801402075884571,43,1.205223978125333,14933070.862946253
272,858,15.374756,41.006836,-170.49219,155.31802,-88.2353,-85.49187,0.056431042803118704,2.9697302481753507,31,3.580853121612739,35,1.1547277274544432,21735605.17556717
273,859,-356.6864,-349.2793,-182.39502,143.74013,140.37569,80.35473,0.04205404821225665,1.6812145133517211,22,5.560850769114366,48,1.9562452403324468,6984132.512735277
274,860,-99.943115,210.11816,-182.00879,321.39514,-95.350876,-93.885994,0.06391569215321491,3.8888798948366885,37,4.279277819981846,40,1.0309825969270108,33330776.411229886
275,861,-589.55396,-195.57861,28.299316,130.4019,161.69052,-149.91919,0.07613882937190594,1.533588501394217,21,4.487690799315245,41,1.641368869242446,18511661.182977173
276,864,28.841064,-675.9136,-329.05566,-111.71016,143.56604,60.493793,0.06090029678163115,2.136877449159822,25,6.980079740079797,57,1.513042085261811,16673941.497985786
277,865,1.3349609,-172.30322,223.55225,-92.78692,72.90798,-201.3621,0.11716979485118428,1.4594757711996686,20,3.2730853173741568,33,1.2479831563577275,56137563.07805599
278,868,115.87891,-564.167,420.40918,-162.76685,371.18735,-44.757446,0.05072331952950157,5.415456570160442,47,7.435457580781714,60,1.0989351710796498,20746433.65290926
279,875,150.23804,-350.5664,189.36328,-152.14085,267.4654,11.754067,0.035915557313781946,3.2730853173741568,33,5.100321072369769,45,0.7933819625901356,37497964.63672931
280,879,-130.46143,-37.296387,3.3452148,48.152462,50.749405,-184.50926,1.8679321357765344,1.9361870776816503,24,2.528971749262569,28,5.413141818846079,11935849.496801313
281,880,-497.2505,-275.60254,53.424805,330.83902,297.33377,-34.09615,0.0852927211413596,2.6745885931843203,29,4.192701039587177,39,1.6216490178536906,16217036.434545076
282,881,-537.032,-98.643555,65.35156,277.55853,228.93665,-28.556686,0.03672325348463388,3.8888798948366885,37,5.273362816372702,46,0.8313447468999168,40820690.687828235
283,882,-345.85034,56.56836,21.853516,305.9848,27.600296,-240.03941,0.1231467465154886,4.192701039587177,39,4.642161998661766,42,2.019119948315355,8739340.182312353
284,885,-377.8385,105.29883,-39.38867,208.50787,80.16349,-90.58377,0.05858489742559214,1.6812145133517211,22,3.1179038030602504,32,0.5359324890343327,157185870.2046115
285,887,114.36182,355.20117,101.975586,-240.5078,69.254616,50.520203,0.0326309280521158,4.642161998661766,42,7.296498182351309,59,1.9307389928839014,4224802.529508365
286,893,-119.45532,103.56348,-193.92578,99.584656,213.8893,303.68457,0.049969473436303216,4.192701039587177,39,4.487690799315245,41,2.9401831126715803,2585987.105867114
287,897,-628.5845,-243.72656,53.10254,175.53796,80.4666,-228.84445,0.052015633402864664,4.965495393526235,44,7.296498182351309,59,3.2729476824910564,1924941.019294013
288,899,40.6875,-338.354,242.9541,-125.91488,99.81201,-196.70749,0.0377463362176122,2.2289543449187157,26,5.100321072369769,45,1.2184684683258158,20754649.562262826
289,900,-325.0432,-411.76562,-546.7705,79.99503,163.6826,163.3405,0.050292551904643996,4.279277819981846,40,6.504937136245459,54,0.9329131822935253,31741272.150593825
290,901,-78.843506,144.14746,-152.95898,201.62746,158.5521,203.07906,0.03063860991411516,2.8282978179355154,30,3.2730853173741568,33,0.8153980156012661,32489865.20124118
291,902,-1047.4612,-129.37744,57.092773,216.92796,248.50616,22.935762,0.0740926639059493,2.528971749262569,28,7.623867997384209,61,1.5027532059242885,15844124.141209235
292,903,-1079.615,-64.50293,202.99121,281.52606,279.21207,-175.08128,0.05250025110537583,3.731898415274796,36,7.435457580781714,60,0.785006495745062,57491652.22578545
293,905,-189.89868,-476.26807,-9.173828,25.724625,237.53262,9.089603,0.0640772313873853,2.9697302481753507,31,5.273362816372702,46,1.27901562544497,22197980.947559614
294,910,-206.51245,50.577637,-37.851562,56.184032,103.63828,-26.228617,0.20353943505468783,1.9361870776816503,24,2.6745885931843203,29,1.6430067326074318,36870909.688268065
295,911,-368.9021,-231.93604,25.222656,119.17824,234.75159,-30.478329,0.054169493524733284,2.136877449159822,25,3.580853121612739,35,0.6915859077806348,82957675.27826682
296,912,9.414307,20.797852,-92.38867,127.39392,74.94354,-88.274345,0.14301607231844624,2.374352821664743,27,2.9697302481753507,31,0.7943578566526668,130574799.26899512
297,913,266.14795,-491.1172,79.112305,-55.205006,312.26312,-155.12697,0.12153135417378473,5.415456570160442,47,6.504937136245459,54,1.022513993489968,38414859.996073335
298,914,268.9558,-78.71777,42.921875,-214.69514,189.13509,15.892089,0.030584762586159168,2.6745885931843203,29,3.4355619616722453,34,0.7304086412540495,49484462.840347685
299,916,-174.64917,40.075684,-196.6123,11.992279,164.54813,96.45759,0.11253900713789664,1.8042623342638673,23,3.2730853173741568,33,2.7967326682052533,6598405.061437092
300,918,-510.22803,-115.15625,553.65234,121.3221,51.92162,-305.47803,0.030477070679944773,4.801402075884571,43,6.980079740079797,57,1.0983270952424296,17282443.03657907
301,919,54.956543,134.26758,70.4209,-382.74207,-18.175112,-147.56589,0.10392357764921253,4.279277819981846,40,4.192701039587177,39,0.9701257177891088,48635647.564336225
302,920,35.538086,-805.0576,-189.30078,-188.97743,209.46184,171.97563,0.0852927211413596,3.731898415274796,36,7.435457580781714,60,1.432978993402094,17201901.39456062
303,922,287.6648,345.01562,-156.1289,-189.13297,97.00689,-160.06543,0.028915525666196894,3.2730853173741568,33,6.980079740079797,57,1.148027709190275,13601886.56398605
304,932,-233.2107,30.370117,151.15137,144.48581,41.4877,-340.99457,0.1635315550580854,3.1179038030602504,32,3.731898415274796,36,2.239381924595653,12787045.098324329
305,933,-80.39282,13.2265625,3.7485352,51.54234,116.852615,101.87255,0.26325512361765824,1.6812145133517211,22,2.136877449159822,25,1.5322522263909981,54374455.488638975
306,935,-21.256836,-405.80762,267.08203,50.10269,319.83533,-102.3634,0.08588502800038757,4.965495393526235,44,5.709588606856291,49,1.3809260875639728,20699949.444972746
307,939,-451.30396,39.77881,16.168945,198.15813,122.966446,-215.22897,0.09213121355477427,2.528971749262569,28,3.731898415274796,36,0.7380745885753482,92689075.78718568
308,944,154.3479,-388.8413,333.96875,11.159226,211.77136,-180.69957,0.024930889390195617,2.9697302481753507,31,5.709588606856291,49,0.5678488813924897,64805958.77357427
309,949,-221.70728,132.27832,44.464355,91.85699,87.29533,-123.318344,0.07705422019866986,1.2756131568546765,18,2.9697302481753507,31,1.7153447316798935,17210306.476047926
310,953,-200.14941,-19.359863,-21.379883,316.97766,130.42812,-82.376335,0.046846377909412276,2.528971749262569,28,2.8282978179355154,30,0.7968186840380427,59370372.02974149
311,956,-20.134277,-351.5039,308.33203,-106.54733,333.9748,-127.82287,0.04463867870868044,4.965495393526235,44,5.709588606856291,49,0.6949750495001619,53303163.384902164
312,957,240.6123,-522.89453,-537.42676,-100.66555,269.58536,210.89845,0.03456939886216045,3.8888798948366885,37,5.861713277008011,50,0.9315112944168961,26494204.146236137
313,958,-99.89746,86.04248,-146.03906,22.383192,239.18494,222.24252,0.1043543452740701,2.374352821664743,27,2.6745885931843203,29,1.502279835100691,25401916.59204098
314,960,-201.63159,-160.77637,39.339844,102.52324,207.99644,94.234825,0.6011952015021081,1.9361870776816503,24,2.374352821664743,27,5.2102414635332845,5473538.208897957
315,962,-267.85986,-148.65625,-35.4917,91.187325,222.16022,-35.35885,0.04846177025111615,1.9361870776816503,24,2.6745885931843203,29,0.8894673216874545,48216354.90159168
316,963,6.1765137,234.53906,-137.76074,54.562965,166.60715,220.17719,0.07226188775181665,2.8282978179355154,30,4.487690799315245,41,0.876870272229354,46749410.73810378
317,965,45.802246,405.25977,-16.517578,64.19174,-56.816174,-318.08344,0.03451555153420445,3.4355619616722453,34,4.965495393526235,44,0.7839633986181478,36172099.562309146
318,967,-62.430664,-791.49023,297.91016,-37.871624,251.4062,-128.54356,0.10241587446402546,4.801402075884571,43,6.980079740079797,57,0.5304248693507908,147845659.10698527
